INSERT INTO UserType ([Type]) values ('Family');
INSERT INTO UserType ([Type]) values ('Ghost');


INSERT INTO GhostType ([Type]) values ('Spirit');
INSERT INTO GhostType ([Type]) values ('Poltergeist');
INSERT INTO GhostType ([Type]) values ('Banshee');
INSERT INTO GhostType ([Type]) values ('Demon');
INSERT INTO GhostType ([Type]) values ('Phantom');
INSERT INTO GhostType ([Type]) values ('Ghoul');
INSERT INTO GhostType ([Type]) values ('Spook');
INSERT INTO GhostType ([Type]) values ('Dead Witch');


INSERT INTO UserProfile ([FirebaseUserId], [UserTypeId], [GhostTypeId], [Email], [Name], [Hobbies], [ImageUrl]) values ('X2LVlRYljZasoz3GDWnruvzLckk1', 1, null, 'borden@axelovers.com', 'Borden Family', 'Hi, I am Tyler and this is my son Robbie. We like to build lego sets!', 'https://i.ibb.co/Q8YM4wT/smith.png');
INSERT INTO UserProfile ([FirebaseUserId], [UserTypeId], [GhostTypeId], [Email], [Name], [Hobbies], [ImageUrl]) values ('tDU7gne6dFdt8eooHAfjMWLdHim2', 1, null, 'sanchez@family.com', 'Sanchez Family', 'Renaissance fairs for the parents...arts, crafts, and video games for the kids', 'https://i.ibb.co/jZMDfJg/sanchezzz.png');
INSERT INTO UserProfile ([FirebaseUserId], [UserTypeId], [GhostTypeId], [Email], [Name], [Hobbies], [ImageUrl]) values ('SHMWKQBjOIca3ZsRiqe31GkG30n1', 1, null, 'smith@family.com', 'Smith Family', 'Pa smokes cigars, and Ma cooks the best meals, and we go out to polka night on Thursdays', 'https://i.ibb.co/xfj9ds1/oldercouple.png');
INSERT INTO UserProfile ([FirebaseUserId], [UserTypeId], [GhostTypeId], [Email], [Name], [Hobbies], [ImageUrl]) values ('qD9eU9NAdIcN4si1PQBcE0D5qwo1', 1, null, 'blankenship@family.com', 'Blankenship Family', 'We love taking trips together to amusement parks, family movie night, and pizza parties!', 'https://i.ibb.co/W5LDZKh/blankenship.png');
INSERT INTO UserProfile ([FirebaseUserId], [UserTypeId], [GhostTypeId], [Email], [Name], [Hobbies], [ImageUrl]) values ('5fUZBzHx0RbNglQnZjUcuud7iiF3', 1, null, 'anders@family.com', 'Anders Family', 'We like to take bike rides with the kids down to the pier every Sunday', 'https://i.ibb.co/12FJQN3/anders.png');
INSERT INTO UserProfile ([FirebaseUserId], [UserTypeId], [GhostTypeId], [Email], [Name], [Hobbies], [ImageUrl]) values ('LNWARMLXStUwP83UHk3a0YsGqOM2', 2, 2, 'joe@ghost.com', 'Carpet Joe', 'throwing hammers and fits, wood-working, textiles aficionado', 'https://i.ibb.co/wpndtS1/joe.png');
INSERT INTO UserProfile ([FirebaseUserId], [UserTypeId], [GhostTypeId], [Email], [Name], [Hobbies], [ImageUrl]) values ('0Nf6Sa83rRZIFVsy2EY99E5jrzO2', 2, 5, 'anthony@ghost.com', 'Agonized Anthony', 'wailing, guitar playing for all hours of the night', 'https://i.ibb.co/pPQ1Qqw/andy.png');
INSERT INTO UserProfile ([FirebaseUserId], [UserTypeId], [GhostTypeId], [Email], [Name], [Hobbies], [ImageUrl]) values ('NA0h4kKivechSLaAVJwGv2ctp5o1', 2, 1, 'kira@ghost.com', 'No-Eyed Kira', 'painting pictures of the scary things that live in the dark', 'https://i.ibb.co/5KYsDYt/kiraaa.png');
INSERT INTO UserProfile ([FirebaseUserId], [UserTypeId], [GhostTypeId], [Email], [Name], [Hobbies], [ImageUrl]) values ('Q61G0LnlVzZjTkSwwdzpn5aw77w1', 2, 7, 'beetle@ghost.com', 'Beetle Boy', 'collecting beetles, haunting office break rooms', 'https://i.ibb.co/Dg5TGrt/sppooky.png');
INSERT INTO UserProfile ([FirebaseUserId], [UserTypeId], [GhostTypeId], [Email], [Name], [Hobbies], [ImageUrl]) values ('dJWr64l24dUsmiugDHVtfClwpPr1', 2, 4, 'scary@ghost.com', 'Sir Scarington Scary III', 'scaring small children, being grumpy, eating souls', 'https://i.ibb.co/DtFbvX2/sirscary.png');
INSERT INTO UserProfile ([FirebaseUserId], [UserTypeId], [GhostTypeId], [Email], [Name], [Hobbies], [ImageUrl]) values ('Sqa2rJI99SQOvysEqOGbBn3xe2z1', 2, 6, 'lois@ghost.com', 'Lost Lois', 'going on hikes in the woooods, haunting campgrounds, green tea', 'https://i.ibb.co/nCf78sL/loes.png');
INSERT INTO UserProfile ([FirebaseUserId], [UserTypeId], [GhostTypeId], [Email], [Name], [Hobbies], [ImageUrl]) values ('lL5JvaKaEzQaV2VUfLgvczKhS9X2', 2, 3, 'sally@ghost.com', 'Little Sally Screams', 'singing, eating lollipops with hair on it, and grave digging', 'https://i.ibb.co/QJR8qm8/cyclops.png');
INSERT INTO UserProfile ([FirebaseUserId], [UserTypeId], [GhostTypeId], [Email], [Name], [Hobbies], [ImageUrl]) values ('c9fIRNCIn6d1RIr3mz6rdeA2KSb2', 2, 7, 'patrick@ghost.com', 'Patrick', 'no Im PaTrIcK, eating chips, collecting rocks', 'https://i.ibb.co/7QkXkpg/ghostpatrick.png');
INSERT INTO UserProfile ([FirebaseUserId], [UserTypeId], [GhostTypeId], [Email], [Name], [Hobbies], [ImageUrl]) values ('HilBpZkxgVZ42utq4RaKOnO2vkf1', 2, 2, 'barry@ghost.com', 'Barry No Britches', 'nudist camps, wine tastings, and charcuterie', 'https://i.ibb.co/PwKjYQN/barryma.png');
INSERT INTO UserProfile ([FirebaseUserId], [UserTypeId], [GhostTypeId], [Email], [Name], [Hobbies], [ImageUrl]) values ('1kshJtMCDVXHHvIqwWGS8PMVPn13', 2, 8, 'agnes@ghost.com', 'Agnes', 'haunting sewing rooms, possessing brides, selling skin care products', 'https://i.ibb.co/yPf6z45/perfect.png');





INSERT INTO House ([UserProfileId], [Address], [ImageUrl], [Notes]) values (1, '32 Axe Cut Ln', 'https://i.ibb.co/BwkdvGh/ahouse.png', 'A quaint little home ready for you to add a little gloom to it');
INSERT INTO House ([UserProfileId], [Address], [ImageUrl], [Notes]) values (2, '876 St. Xylaphone Dr', 'https://i.ibb.co/m66J09x/apartments.png', 'There is a dearth of natural lighting in this house. All Ghosts will love the darkness during the day');
INSERT INTO House ([UserProfileId], [Address], [ImageUrl], [Notes]) values (3, '531 Great Biscuit Ln', 'https://i.ibb.co/YQJj7PK/nicdhome.png', 'Surburban living at its best - this house has been featured in WhosBoos Best Houses To Haunt 2023');
INSERT INTO House ([UserProfileId], [Address], [ImageUrl], [Notes]) values (4, '90 Nine Ln', 'https://i.ibb.co/zZhrMTq/rundownhouse.png', 'A classic Victorian featuring original crystal door knobs, a little drafty, just like you like it');
INSERT INTO House ([UserProfileId], [Address], [ImageUrl], [Notes]) values (5, '14 Woodborough Dr', 'https://i.ibb.co/qnGhFJp/modernhouse.png', 'Boasting a dark history of murder and mayhem, this lovely colonial house is ready for you to haunt');





INSERT INTO Haunt ([UserProfileId], [GhostTypeId], [HouseId], [Notes]) values (6, 2, 1, 'Accoustics great. Very nice screaming');
INSERT INTO Haunt ([UserProfileId], [GhostTypeId], [HouseId], [Notes]) values (7, 5, 2, 'The husband has very loud snores. It has woken me up on numerous occassions.');
INSERT INTO Haunt ([UserProfileId], [GhostTypeId], [HouseId], [Notes]) values (8, 1, 3, 'The neighbors come over and do blood sacrifices');
INSERT INTO Haunt ([UserProfileId], [GhostTypeId], [HouseId], [Notes]) values (9, 7, 4, 'they have called in exorcists before');
INSERT INTO Haunt ([UserProfileId], [GhostTypeId], [HouseId], [Notes]) values (10, 4, 5, 'It has been a nice time, but I do not think this is the family I want to terrorize');
INSERT INTO Haunt ([UserProfileId], [GhostTypeId], [HouseId], [Notes]) values (11, 6, 1, 'I do not get along with my roommates.  The other ghosts are boring');
INSERT INTO Haunt ([UserProfileId], [GhostTypeId], [HouseId], [Notes]) values (12, 3, 2, 'I really like this family.  they hardly ever turn on the lights at night');
INSERT INTO Haunt ([UserProfileId], [GhostTypeId], [HouseId], [Notes]) values (13, 7, 3, 'This has been a successful haunting indeed!');
INSERT INTO Haunt ([UserProfileId], [GhostTypeId], [HouseId], [Notes]) values (14, 2, 5, 'I think the woman here is about to join us');
INSERT INTO Haunt ([UserProfileId], [GhostTypeId], [HouseId], [Notes]) values (15, 8, 1, 'The children scream so much whenever I pop up.  It is kind of the greatest');
INSERT INTO Haunt ([UserProfileId], [GhostTypeId], [HouseId], [Notes]) values (6, 2, 2, 'popcorn popcorn there is popcorn everywhere all in my closet.  need a new haunt');
INSERT INTO Haunt ([UserProfileId], [GhostTypeId], [HouseId], [Notes]) values (7, 5, 3, 'overall, I am satisfied, but I do wish this family was quieter');
INSERT INTO Haunt ([UserProfileId], [GhostTypeId], [HouseId], [Notes]) values (8, 1, 1, 'I tried possessing the wife, but now I think it is time to see if the husband would be a better fit');
INSERT INTO Haunt ([UserProfileId], [GhostTypeId], [HouseId], [Notes]) values (9, 7, 2, 'there is a plumbing problem -- the house smells lovely');
INSERT INTO Haunt ([UserProfileId], [GhostTypeId], [HouseId], [Notes]) values (10, 4, 1, 'I really just do not like the other ghosts here');
INSERT INTO Haunt ([UserProfileId], [GhostTypeId], [HouseId], [Notes]) values (11, 6, 2, 'next time I should just haunt a grocery store instead');
INSERT INTO Haunt ([UserProfileId], [GhostTypeId], [HouseId], [Notes]) values (12, 3, 1, 'nice house, awful family');
INSERT INTO Haunt ([UserProfileId], [GhostTypeId], [HouseId], [Notes]) values (15, 8, 5, 'I ended up with a bunch of morons.  they will not stop trying to talk to me');